date,borough,lines_reported,disrupted_lines,average_severity,disruption_rate_pct,Borough,total_gva_m,gva_year
2026-07-30,Brent,1,0,10.0,0.0,Brent,17411.3,2018.0
2026-07-30,Camden,1,0,10.0,0.0,Camden,68061.2,2018.0
2026-07-30,Hackney,1,0,10.0,0.0,Hackney,16245.2,2018.0
2026-07-30,Havering,1,0,10.0,0.0,Havering,11423.1,2018.0
2026-07-30,Islington,1,2,9.0,200.0,Islington,37251.6,2018.0
2026-07-30,Lambeth,1,0,10.0,0.0,Lambeth,24637.5,2018.0
2026-07-30,Tower Hamlets,2,0,10.0,0.0,Tower Hamlets,67537.4,2018.0
2026-07-30,Waltham Forest,1,0,10.0,0.0,Waltham Forest,8795.4,2018.0
2026-07-30,Westminster,10,2,9.5,20.0,,,
