borough,lines_reported,disrupted_lines,average_severity,total_gva_m,disruption_rate_pct,severity_risk,rate_risk,composite_risk_score,risk_band,estimated_gva_at_risk_m
Brent,1,0,10.0,17411.3,0.0,0.0,0.0,0.0,,0.0
Camden,1,0,10.0,68061.2,0.0,0.0,0.0,0.0,,0.0
Hackney,1,0,10.0,16245.2,0.0,0.0,0.0,0.0,,0.0
Havering,1,0,10.0,11423.1,0.0,0.0,0.0,0.0,,0.0
Islington,1,0,10.0,37251.6,0.0,0.0,0.0,0.0,,0.0
Lambeth,1,1,3.0,24637.5,100.0,0.7777777777777778,1.0,0.867,Critical,427.21
Tower Hamlets,2,0,10.0,67537.4,0.0,0.0,0.0,0.0,,0.0
Waltham Forest,1,0,10.0,8795.4,0.0,0.0,0.0,0.0,,0.0
Westminster,10,2,8.9,,20.0,0.12222222222222218,0.2,0.153,Very Low,
